[
  {
    "day": "星期三",
    "gregorian": {
      "year": 1958,
      "month": 1,
      "date": 1
    },
    "lunar": {
      "year": "丁酉",
      "month": "十一月",
      "date": "十二",
      "leapMonth": false
    }
  },
  {
    "day": "星期四",
    "gregorian": {
      "year": 1958,
      "month": 1,
      "date": 2
    },
    "lunar": {
      "year": "丁酉",
      "month": "十一月",
      "date": "十三",
      "leapMonth": false
    }
  },
  {
    "day": "星期五",
    "gregorian": {
      "year": 1958,
      "month": 1,
      "date": 3
    },
    "lunar": {
      "year": "丁酉",
      "month": "十一月",
      "date": "十四",
      "leapMonth": false
    }
  },
  {
    "day": "星期六",
    "gregorian": {
      "year": 1958,
      "month": 1,
      "date": 4
    },
    "lunar": {
      "year": "丁酉",
      "month": "十一月",
      "date": "十五",
      "leapMonth": false
    }
  },
  {
    "day": "星期日",
    "gregorian": {
      "year": 1958,
      "month": 1,
      "date": 5
    },
    "lunar": {
      "year": "丁酉",
      "month": "十一月",
      "date": "十六",
      "leapMonth": false
    }
  },
  {
    "day": "星期一",
    "gregorian": {
      "year": 1958,
      "month": 1,
      "date": 6
    },
    "lunar": {
      "year": "丁酉",
      "month": "十一月",
      "date": "十七",
      "leapMonth": false
    },
    "solarTerm": "小寒"
  },
  {
    "day": "星期二",
    "gregorian": {
      "year": 1958,
      "month": 1,
      "date": 7
    },
    "lunar": {
      "year": "丁酉",
      "month": "十一月",
      "date": "十八",
      "leapMonth": false
    }
  },
  {
    "day": "星期三",
    "gregorian": {
      "year": 1958,
      "month": 1,
      "date": 8
    },
    "lunar": {
      "year": "丁酉",
      "month": "十一月",
      "date": "十九",
      "leapMonth": false
    }
  },
  {
    "day": "星期四",
    "gregorian": {
      "year": 1958,
      "month": 1,
      "date": 9
    },
    "lunar": {
      "year": "丁酉",
      "month": "十一月",
      "date": "二十",
      "leapMonth": false
    }
  },
  {
    "day": "星期五",
    "gregorian": {
      "year": 1958,
      "month": 1,
      "date": 10
    },
    "lunar": {
      "year": "丁酉",
      "month": "十一月",
      "date": "廿一",
      "leapMonth": false
    }
  },
  {
    "day": "星期六",
    "gregorian": {
      "year": 1958,
      "month": 1,
      "date": 11
    },
    "lunar": {
      "year": "丁酉",
      "month": "十一月",
      "date": "廿二",
      "leapMonth": false
    }
  },
  {
    "day": "星期日",
    "gregorian": {
      "year": 1958,
      "month": 1,
      "date": 12
    },
    "lunar": {
      "year": "丁酉",
      "month": "十一月",
      "date": "廿三",
      "leapMonth": false
    }
  },
  {
    "day": "星期一",
    "gregorian": {
      "year": 1958,
      "month": 1,
      "date": 13
    },
    "lunar": {
      "year": "丁酉",
      "month": "十一月",
      "date": "廿四",
      "leapMonth": false
    }
  },
  {
    "day": "星期二",
    "gregorian": {
      "year": 1958,
      "month": 1,
      "date": 14
    },
    "lunar": {
      "year": "丁酉",
      "month": "十一月",
      "date": "廿五",
      "leapMonth": false
    }
  },
  {
    "day": "星期三",
    "gregorian": {
      "year": 1958,
      "month": 1,
      "date": 15
    },
    "lunar": {
      "year": "丁酉",
      "month": "十一月",
      "date": "廿六",
      "leapMonth": false
    }
  },
  {
    "day": "星期四",
    "gregorian": {
      "year": 1958,
      "month": 1,
      "date": 16
    },
    "lunar": {
      "year": "丁酉",
      "month": "十一月",
      "date": "廿七",
      "leapMonth": false
    }
  },
  {
    "day": "星期五",
    "gregorian": {
      "year": 1958,
      "month": 1,
      "date": 17
    },
    "lunar": {
      "year": "丁酉",
      "month": "十一月",
      "date": "廿八",
      "leapMonth": false
    }
  },
  {
    "day": "星期六",
    "gregorian": {
      "year": 1958,
      "month": 1,
      "date": 18
    },
    "lunar": {
      "year": "丁酉",
      "month": "十一月",
      "date": "廿九",
      "leapMonth": false
    }
  },
  {
    "day": "星期日",
    "gregorian": {
      "year": 1958,
      "month": 1,
      "date": 19
    },
    "lunar": {
      "year": "丁酉",
      "month": "十一月",
      "date": "三十",
      "leapMonth": false
    }
  },
  {
    "day": "星期一",
    "gregorian": {
      "year": 1958,
      "month": 1,
      "date": 20
    },
    "lunar": {
      "year": "丁酉",
      "month": "十二月",
      "date": "初一",
      "leapMonth": false
    },
    "solarTerm": "大寒"
  },
  {
    "day": "星期二",
    "gregorian": {
      "year": 1958,
      "month": 1,
      "date": 21
    },
    "lunar": {
      "year": "丁酉",
      "month": "十二月",
      "date": "初二",
      "leapMonth": false
    }
  },
  {
    "day": "星期三",
    "gregorian": {
      "year": 1958,
      "month": 1,
      "date": 22
    },
    "lunar": {
      "year": "丁酉",
      "month": "十二月",
      "date": "初三",
      "leapMonth": false
    }
  },
  {
    "day": "星期四",
    "gregorian": {
      "year": 1958,
      "month": 1,
      "date": 23
    },
    "lunar": {
      "year": "丁酉",
      "month": "十二月",
      "date": "初四",
      "leapMonth": false
    }
  },
  {
    "day": "星期五",
    "gregorian": {
      "year": 1958,
      "month": 1,
      "date": 24
    },
    "lunar": {
      "year": "丁酉",
      "month": "十二月",
      "date": "初五",
      "leapMonth": false
    }
  },
  {
    "day": "星期六",
    "gregorian": {
      "year": 1958,
      "month": 1,
      "date": 25
    },
    "lunar": {
      "year": "丁酉",
      "month": "十二月",
      "date": "初六",
      "leapMonth": false
    }
  },
  {
    "day": "星期日",
    "gregorian": {
      "year": 1958,
      "month": 1,
      "date": 26
    },
    "lunar": {
      "year": "丁酉",
      "month": "十二月",
      "date": "初七",
      "leapMonth": false
    }
  },
  {
    "day": "星期一",
    "gregorian": {
      "year": 1958,
      "month": 1,
      "date": 27
    },
    "lunar": {
      "year": "丁酉",
      "month": "十二月",
      "date": "初八",
      "leapMonth": false
    }
  },
  {
    "day": "星期二",
    "gregorian": {
      "year": 1958,
      "month": 1,
      "date": 28
    },
    "lunar": {
      "year": "丁酉",
      "month": "十二月",
      "date": "初九",
      "leapMonth": false
    }
  },
  {
    "day": "星期三",
    "gregorian": {
      "year": 1958,
      "month": 1,
      "date": 29
    },
    "lunar": {
      "year": "丁酉",
      "month": "十二月",
      "date": "初十",
      "leapMonth": false
    }
  },
  {
    "day": "星期四",
    "gregorian": {
      "year": 1958,
      "month": 1,
      "date": 30
    },
    "lunar": {
      "year": "丁酉",
      "month": "十二月",
      "date": "十一",
      "leapMonth": false
    }
  },
  {
    "day": "星期五",
    "gregorian": {
      "year": 1958,
      "month": 1,
      "date": 31
    },
    "lunar": {
      "year": "丁酉",
      "month": "十二月",
      "date": "十二",
      "leapMonth": false
    }
  },
  {
    "day": "星期六",
    "gregorian": {
      "year": 1958,
      "month": 2,
      "date": 1
    },
    "lunar": {
      "year": "丁酉",
      "month": "十二月",
      "date": "十三",
      "leapMonth": false
    }
  },
  {
    "day": "星期日",
    "gregorian": {
      "year": 1958,
      "month": 2,
      "date": 2
    },
    "lunar": {
      "year": "丁酉",
      "month": "十二月",
      "date": "十四",
      "leapMonth": false
    }
  },
  {
    "day": "星期一",
    "gregorian": {
      "year": 1958,
      "month": 2,
      "date": 3
    },
    "lunar": {
      "year": "丁酉",
      "month": "十二月",
      "date": "十五",
      "leapMonth": false
    }
  },
  {
    "day": "星期二",
    "gregorian": {
      "year": 1958,
      "month": 2,
      "date": 4
    },
    "lunar": {
      "year": "戊戌",
      "month": "十二月",
      "date": "十六",
      "leapMonth": false
    },
    "solarTerm": "立春",
    "zodiac": "犬"
  },
  {
    "day": "星期三",
    "gregorian": {
      "year": 1958,
      "month": 2,
      "date": 5
    },
    "lunar": {
      "year": "戊戌",
      "month": "十二月",
      "date": "十七",
      "leapMonth": false
    },
    "zodiac": "犬"
  },
  {
    "day": "星期四",
    "gregorian": {
      "year": 1958,
      "month": 2,
      "date": 6
    },
    "lunar": {
      "year": "戊戌",
      "month": "十二月",
      "date": "十八",
      "leapMonth": false
    },
    "zodiac": "犬"
  },
  {
    "day": "星期五",
    "gregorian": {
      "year": 1958,
      "month": 2,
      "date": 7
    },
    "lunar": {
      "year": "戊戌",
      "month": "十二月",
      "date": "十九",
      "leapMonth": false
    },
    "zodiac": "犬"
  },
  {
    "day": "星期六",
    "gregorian": {
      "year": 1958,
      "month": 2,
      "date": 8
    },
    "lunar": {
      "year": "戊戌",
      "month": "十二月",
      "date": "二十",
      "leapMonth": false
    },
    "zodiac": "犬"
  },
  {
    "day": "星期日",
    "gregorian": {
      "year": 1958,
      "month": 2,
      "date": 9
    },
    "lunar": {
      "year": "戊戌",
      "month": "十二月",
      "date": "廿一",
      "leapMonth": false
    },
    "zodiac": "犬"
  },
  {
    "day": "星期一",
    "gregorian": {
      "year": 1958,
      "month": 2,
      "date": 10
    },
    "lunar": {
      "year": "戊戌",
      "month": "十二月",
      "date": "廿二",
      "leapMonth": false
    },
    "zodiac": "犬"
  },
  {
    "day": "星期二",
    "gregorian": {
      "year": 1958,
      "month": 2,
      "date": 11
    },
    "lunar": {
      "year": "戊戌",
      "month": "十二月",
      "date": "廿三",
      "leapMonth": false
    },
    "zodiac": "犬"
  },
  {
    "day": "星期三",
    "gregorian": {
      "year": 1958,
      "month": 2,
      "date": 12
    },
    "lunar": {
      "year": "戊戌",
      "month": "十二月",
      "date": "廿四",
      "leapMonth": false
    },
    "zodiac": "犬"
  },
  {
    "day": "星期四",
    "gregorian": {
      "year": 1958,
      "month": 2,
      "date": 13
    },
    "lunar": {
      "year": "戊戌",
      "month": "十二月",
      "date": "廿五",
      "leapMonth": false
    },
    "zodiac": "犬"
  },
  {
    "day": "星期五",
    "gregorian": {
      "year": 1958,
      "month": 2,
      "date": 14
    },
    "lunar": {
      "year": "戊戌",
      "month": "十二月",
      "date": "廿六",
      "leapMonth": false
    },
    "zodiac": "犬"
  },
  {
    "day": "星期六",
    "gregorian": {
      "year": 1958,
      "month": 2,
      "date": 15
    },
    "lunar": {
      "year": "戊戌",
      "month": "十二月",
      "date": "廿七",
      "leapMonth": false
    },
    "zodiac": "犬"
  },
  {
    "day": "星期日",
    "gregorian": {
      "year": 1958,
      "month": 2,
      "date": 16
    },
    "lunar": {
      "year": "戊戌",
      "month": "十二月",
      "date": "廿八",
      "leapMonth": false
    },
    "zodiac": "犬"
  },
  {
    "day": "星期一",
    "gregorian": {
      "year": 1958,
      "month": 2,
      "date": 17
    },
    "lunar": {
      "year": "戊戌",
      "month": "十二月",
      "date": "廿九",
      "leapMonth": false
    },
    "zodiac": "犬"
  },
  {
    "day": "星期二",
    "gregorian": {
      "year": 1958,
      "month": 2,
      "date": 18
    },
    "lunar": {
      "year": "戊戌",
      "month": "正月",
      "date": "初一",
      "leapMonth": false
    },
    "zodiac": "犬"
  },
  {
    "day": "星期三",
    "gregorian": {
      "year": 1958,
      "month": 2,
      "date": 19
    },
    "lunar": {
      "year": "戊戌",
      "month": "正月",
      "date": "初二",
      "leapMonth": false
    },
    "solarTerm": "雨水",
    "zodiac": "犬"
  },
  {
    "day": "星期四",
    "gregorian": {
      "year": 1958,
      "month": 2,
      "date": 20
    },
    "lunar": {
      "year": "戊戌",
      "month": "正月",
      "date": "初三",
      "leapMonth": false
    },
    "zodiac": "犬"
  },
  {
    "day": "星期五",
    "gregorian": {
      "year": 1958,
      "month": 2,
      "date": 21
    },
    "lunar": {
      "year": "戊戌",
      "month": "正月",
      "date": "初四",
      "leapMonth": false
    },
    "zodiac": "犬"
  },
  {
    "day": "星期六",
    "gregorian": {
      "year": 1958,
      "month": 2,
      "date": 22
    },
    "lunar": {
      "year": "戊戌",
      "month": "正月",
      "date": "初五",
      "leapMonth": false
    },
    "zodiac": "犬"
  },
  {
    "day": "星期日",
    "gregorian": {
      "year": 1958,
      "month": 2,
      "date": 23
    },
    "lunar": {
      "year": "戊戌",
      "month": "正月",
      "date": "初六",
      "leapMonth": false
    },
    "zodiac": "犬"
  },
  {
    "day": "星期一",
    "gregorian": {
      "year": 1958,
      "month": 2,
      "date": 24
    },
    "lunar": {
      "year": "戊戌",
      "month": "正月",
      "date": "初七",
      "leapMonth": false
    },
    "zodiac": "犬"
  },
  {
    "day": "星期二",
    "gregorian": {
      "year": 1958,
      "month": 2,
      "date": 25
    },
    "lunar": {
      "year": "戊戌",
      "month": "正月",
      "date": "初八",
      "leapMonth": false
    },
    "zodiac": "犬"
  },
  {
    "day": "星期三",
    "gregorian": {
      "year": 1958,
      "month": 2,
      "date": 26
    },
    "lunar": {
      "year": "戊戌",
      "month": "正月",
      "date": "初九",
      "leapMonth": false
    },
    "zodiac": "犬"
  },
  {
    "day": "星期四",
    "gregorian": {
      "year": 1958,
      "month": 2,
      "date": 27
    },
    "lunar": {
      "year": "戊戌",
      "month": "正月",
      "date": "初十",
      "leapMonth": false
    },
    "zodiac": "犬"
  },
  {
    "day": "星期五",
    "gregorian": {
      "year": 1958,
      "month": 2,
      "date": 28
    },
    "lunar": {
      "year": "戊戌",
      "month": "正月",
      "date": "十一",
      "leapMonth": false
    },
    "zodiac": "犬"
  },
  {
    "day": "星期六",
    "gregorian": {
      "year": 1958,
      "month": 3,
      "date": 1
    },
    "lunar": {
      "year": "戊戌",
      "month": "正月",
      "date": "十二",
      "leapMonth": false
    },
    "zodiac": "犬"
  },
  {
    "day": "星期日",
    "gregorian": {
      "year": 1958,
      "month": 3,
      "date": 2
    },
    "lunar": {
      "year": "戊戌",
      "month": "正月",
      "date": "十三",
      "leapMonth": false
    },
    "zodiac": "犬"
  },
  {
    "day": "星期一",
    "gregorian": {
      "year": 1958,
      "month": 3,
      "date": 3
    },
    "lunar": {
      "year": "戊戌",
      "month": "正月",
      "date": "十四",
      "leapMonth": false
    },
    "zodiac": "犬"
  },
  {
    "day": "星期二",
    "gregorian": {
      "year": 1958,
      "month": 3,
      "date": 4
    },
    "lunar": {
      "year": "戊戌",
      "month": "正月",
      "date": "十五",
      "leapMonth": false
    },
    "zodiac": "犬"
  },
  {
    "day": "星期三",
    "gregorian": {
      "year": 1958,
      "month": 3,
      "date": 5
    },
    "lunar": {
      "year": "戊戌",
      "month": "正月",
      "date": "十六",
      "leapMonth": false
    },
    "zodiac": "犬"
  },
  {
    "day": "星期四",
    "gregorian": {
      "year": 1958,
      "month": 3,
      "date": 6
    },
    "lunar": {
      "year": "戊戌",
      "month": "正月",
      "date": "十七",
      "leapMonth": false
    },
    "solarTerm": "驚蟄",
    "zodiac": "犬"
  },
  {
    "day": "星期五",
    "gregorian": {
      "year": 1958,
      "month": 3,
      "date": 7
    },
    "lunar": {
      "year": "戊戌",
      "month": "正月",
      "date": "十八",
      "leapMonth": false
    },
    "zodiac": "犬"
  },
  {
    "day": "星期六",
    "gregorian": {
      "year": 1958,
      "month": 3,
      "date": 8
    },
    "lunar": {
      "year": "戊戌",
      "month": "正月",
      "date": "十九",
      "leapMonth": false
    },
    "zodiac": "犬"
  },
  {
    "day": "星期日",
    "gregorian": {
      "year": 1958,
      "month": 3,
      "date": 9
    },
    "lunar": {
      "year": "戊戌",
      "month": "正月",
      "date": "二十",
      "leapMonth": false
    },
    "zodiac": "犬"
  },
  {
    "day": "星期一",
    "gregorian": {
      "year": 1958,
      "month": 3,
      "date": 10
    },
    "lunar": {
      "year": "戊戌",
      "month": "正月",
      "date": "廿一",
      "leapMonth": false
    },
    "zodiac": "犬"
  },
  {
    "day": "星期二",
    "gregorian": {
      "year": 1958,
      "month": 3,
      "date": 11
    },
    "lunar": {
      "year": "戊戌",
      "month": "正月",
      "date": "廿二",
      "leapMonth": false
    },
    "zodiac": "犬"
  },
  {
    "day": "星期三",
    "gregorian": {
      "year": 1958,
      "month": 3,
      "date": 12
    },
    "lunar": {
      "year": "戊戌",
      "month": "正月",
      "date": "廿三",
      "leapMonth": false
    },
    "zodiac": "犬"
  },
  {
    "day": "星期四",
    "gregorian": {
      "year": 1958,
      "month": 3,
      "date": 13
    },
    "lunar": {
      "year": "戊戌",
      "month": "正月",
      "date": "廿四",
      "leapMonth": false
    },
    "zodiac": "犬"
  },
  {
    "day": "星期五",
    "gregorian": {
      "year": 1958,
      "month": 3,
      "date": 14
    },
    "lunar": {
      "year": "戊戌",
      "month": "正月",
      "date": "廿五",
      "leapMonth": false
    },
    "zodiac": "犬"
  },
  {
    "day": "星期六",
    "gregorian": {
      "year": 1958,
      "month": 3,
      "date": 15
    },
    "lunar": {
      "year": "戊戌",
      "month": "正月",
      "date": "廿六",
      "leapMonth": false
    },
    "zodiac": "犬"
  },
  {
    "day": "星期日",
    "gregorian": {
      "year": 1958,
      "month": 3,
      "date": 16
    },
    "lunar": {
      "year": "戊戌",
      "month": "正月",
      "date": "廿七",
      "leapMonth": false
    },
    "zodiac": "犬"
  },
  {
    "day": "星期一",
    "gregorian": {
      "year": 1958,
      "month": 3,
      "date": 17
    },
    "lunar": {
      "year": "戊戌",
      "month": "正月",
      "date": "廿八",
      "leapMonth": false
    },
    "zodiac": "犬"
  },
  {
    "day": "星期二",
    "gregorian": {
      "year": 1958,
      "month": 3,
      "date": 18
    },
    "lunar": {
      "year": "戊戌",
      "month": "正月",
      "date": "廿九",
      "leapMonth": false
    },
    "zodiac": "犬"
  },
  {
    "day": "星期三",
    "gregorian": {
      "year": 1958,
      "month": 3,
      "date": 19
    },
    "lunar": {
      "year": "戊戌",
      "month": "正月",
      "date": "三十",
      "leapMonth": false
    },
    "zodiac": "犬"
  },
  {
    "day": "星期四",
    "gregorian": {
      "year": 1958,
      "month": 3,
      "date": 20
    },
    "lunar": {
      "year": "戊戌",
      "month": "二月",
      "date": "初一",
      "leapMonth": false
    },
    "zodiac": "犬"
  },
  {
    "day": "星期五",
    "gregorian": {
      "year": 1958,
      "month": 3,
      "date": 21
    },
    "lunar": {
      "year": "戊戌",
      "month": "二月",
      "date": "初二",
      "leapMonth": false
    },
    "solarTerm": "春分",
    "zodiac": "犬"
  },
  {
    "day": "星期六",
    "gregorian": {
      "year": 1958,
      "month": 3,
      "date": 22
    },
    "lunar": {
      "year": "戊戌",
      "month": "二月",
      "date": "初三",
      "leapMonth": false
    },
    "zodiac": "犬"
  },
  {
    "day": "星期日",
    "gregorian": {
      "year": 1958,
      "month": 3,
      "date": 23
    },
    "lunar": {
      "year": "戊戌",
      "month": "二月",
      "date": "初四",
      "leapMonth": false
    },
    "zodiac": "犬"
  },
  {
    "day": "星期一",
    "gregorian": {
      "year": 1958,
      "month": 3,
      "date": 24
    },
    "lunar": {
      "year": "戊戌",
      "month": "二月",
      "date": "初五",
      "leapMonth": false
    },
    "zodiac": "犬"
  },
  {
    "day": "星期二",
    "gregorian": {
      "year": 1958,
      "month": 3,
      "date": 25
    },
    "lunar": {
      "year": "戊戌",
      "month": "二月",
      "date": "初六",
      "leapMonth": false
    },
    "zodiac": "犬"
  },
  {
    "day": "星期三",
    "gregorian": {
      "year": 1958,
      "month": 3,
      "date": 26
    },
    "lunar": {
      "year": "戊戌",
      "month": "二月",
      "date": "初七",
      "leapMonth": false
    },
    "zodiac": "犬"
  },
  {
    "day": "星期四",
    "gregorian": {
      "year": 1958,
      "month": 3,
      "date": 27
    },
    "lunar": {
      "year": "戊戌",
      "month": "二月",
      "date": "初八",
      "leapMonth": false
    },
    "zodiac": "犬"
  },
  {
    "day": "星期五",
    "gregorian": {
      "year": 1958,
      "month": 3,
      "date": 28
    },
    "lunar": {
      "year": "戊戌",
      "month": "二月",
      "date": "初九",
      "leapMonth": false
    },
    "zodiac": "犬"
  },
  {
    "day": "星期六",
    "gregorian": {
      "year": 1958,
      "month": 3,
      "date": 29
    },
    "lunar": {
      "year": "戊戌",
      "month": "二月",
      "date": "初十",
      "leapMonth": false
    },
    "zodiac": "犬"
  },
  {
    "day": "星期日",
    "gregorian": {
      "year": 1958,
      "month": 3,
      "date": 30
    },
    "lunar": {
      "year": "戊戌",
      "month": "二月",
      "date": "十一",
      "leapMonth": false
    },
    "zodiac": "犬"
  },
  {
    "day": "星期一",
    "gregorian": {
      "year": 1958,
      "month": 3,
      "date": 31
    },
    "lunar": {
      "year": "戊戌",
      "month": "二月",
      "date": "十二",
      "leapMonth": false
    },
    "zodiac": "犬"
  },
  {
    "day": "星期二",
    "gregorian": {
      "year": 1958,
      "month": 4,
      "date": 1
    },
    "lunar": {
      "year": "戊戌",
      "month": "二月",
      "date": "十三",
      "leapMonth": false
    },
    "zodiac": "犬"
  },
  {
    "day": "星期三",
    "gregorian": {
      "year": 1958,
      "month": 4,
      "date": 2
    },
    "lunar": {
      "year": "戊戌",
      "month": "二月",
      "date": "十四",
      "leapMonth": false
    },
    "zodiac": "犬"
  },
  {
    "day": "星期四",
    "gregorian": {
      "year": 1958,
      "month": 4,
      "date": 3
    },
    "lunar": {
      "year": "戊戌",
      "month": "二月",
      "date": "十五",
      "leapMonth": false
    },
    "zodiac": "犬"
  },
  {
    "day": "星期五",
    "gregorian": {
      "year": 1958,
      "month": 4,
      "date": 4
    },
    "lunar": {
      "year": "戊戌",
      "month": "二月",
      "date": "十六",
      "leapMonth": false
    },
    "zodiac": "犬"
  },
  {
    "day": "星期六",
    "gregorian": {
      "year": 1958,
      "month": 4,
      "date": 5
    },
    "lunar": {
      "year": "戊戌",
      "month": "二月",
      "date": "十七",
      "leapMonth": false
    },
    "solarTerm": "清明",
    "zodiac": "犬"
  },
  {
    "day": "星期日",
    "gregorian": {
      "year": 1958,
      "month": 4,
      "date": 6
    },
    "lunar": {
      "year": "戊戌",
      "month": "二月",
      "date": "十八",
      "leapMonth": false
    },
    "zodiac": "犬"
  },
  {
    "day": "星期一",
    "gregorian": {
      "year": 1958,
      "month": 4,
      "date": 7
    },
    "lunar": {
      "year": "戊戌",
      "month": "二月",
      "date": "十九",
      "leapMonth": false
    },
    "zodiac": "犬"
  },
  {
    "day": "星期二",
    "gregorian": {
      "year": 1958,
      "month": 4,
      "date": 8
    },
    "lunar": {
      "year": "戊戌",
      "month": "二月",
      "date": "二十",
      "leapMonth": false
    },
    "zodiac": "犬"
  },
  {
    "day": "星期三",
    "gregorian": {
      "year": 1958,
      "month": 4,
      "date": 9
    },
    "lunar": {
      "year": "戊戌",
      "month": "二月",
      "date": "廿一",
      "leapMonth": false
    },
    "zodiac": "犬"
  },
  {
    "day": "星期四",
    "gregorian": {
      "year": 1958,
      "month": 4,
      "date": 10
    },
    "lunar": {
      "year": "戊戌",
      "month": "二月",
      "date": "廿二",
      "leapMonth": false
    },
    "zodiac": "犬"
  },
  {
    "day": "星期五",
    "gregorian": {
      "year": 1958,
      "month": 4,
      "date": 11
    },
    "lunar": {
      "year": "戊戌",
      "month": "二月",
      "date": "廿三",
      "leapMonth": false
    },
    "zodiac": "犬"
  },
  {
    "day": "星期六",
    "gregorian": {
      "year": 1958,
      "month": 4,
      "date": 12
    },
    "lunar": {
      "year": "戊戌",
      "month": "二月",
      "date": "廿四",
      "leapMonth": false
    },
    "zodiac": "犬"
  },
  {
    "day": "星期日",
    "gregorian": {
      "year": 1958,
      "month": 4,
      "date": 13
    },
    "lunar": {
      "year": "戊戌",
      "month": "二月",
      "date": "廿五",
      "leapMonth": false
    },
    "zodiac": "犬"
  },
  {
    "day": "星期一",
    "gregorian": {
      "year": 1958,
      "month": 4,
      "date": 14
    },
    "lunar": {
      "year": "戊戌",
      "month": "二月",
      "date": "廿六",
      "leapMonth": false
    },
    "zodiac": "犬"
  },
  {
    "day": "星期二",
    "gregorian": {
      "year": 1958,
      "month": 4,
      "date": 15
    },
    "lunar": {
      "year": "戊戌",
      "month": "二月",
      "date": "廿七",
      "leapMonth": false
    },
    "zodiac": "犬"
  },
  {
    "day": "星期三",
    "gregorian": {
      "year": 1958,
      "month": 4,
      "date": 16
    },
    "lunar": {
      "year": "戊戌",
      "month": "二月",
      "date": "廿八",
      "leapMonth": false
    },
    "zodiac": "犬"
  },
  {
    "day": "星期四",
    "gregorian": {
      "year": 1958,
      "month": 4,
      "date": 17
    },
    "lunar": {
      "year": "戊戌",
      "month": "二月",
      "date": "廿九",
      "leapMonth": false
    },
    "zodiac": "犬"
  },
  {
    "day": "星期五",
    "gregorian": {
      "year": 1958,
      "month": 4,
      "date": 18
    },
    "lunar": {
      "year": "戊戌",
      "month": "二月",
      "date": "三十",
      "leapMonth": false
    },
    "zodiac": "犬"
  },
  {
    "day": "星期六",
    "gregorian": {
      "year": 1958,
      "month": 4,
      "date": 19
    },
    "lunar": {
      "year": "戊戌",
      "month": "三月",
      "date": "初一",
      "leapMonth": false
    },
    "zodiac": "犬"
  },
  {
    "day": "星期日",
    "gregorian": {
      "year": 1958,
      "month": 4,
      "date": 20
    },
    "lunar": {
      "year": "戊戌",
      "month": "三月",
      "date": "初二",
      "leapMonth": false
    },
    "solarTerm": "穀雨",
    "zodiac": "犬"
  },
  {
    "day": "星期一",
    "gregorian": {
      "year": 1958,
      "month": 4,
      "date": 21
    },
    "lunar": {
      "year": "戊戌",
      "month": "三月",
      "date": "初三",
      "leapMonth": false
    },
    "zodiac": "犬"
  },
  {
    "day": "星期二",
    "gregorian": {
      "year": 1958,
      "month": 4,
      "date": 22
    },
    "lunar": {
      "year": "戊戌",
      "month": "三月",
      "date": "初四",
      "leapMonth": false
    },
    "zodiac": "犬"
  },
  {
    "day": "星期三",
    "gregorian": {
      "year": 1958,
      "month": 4,
      "date": 23
    },
    "lunar": {
      "year": "戊戌",
      "month": "三月",
      "date": "初五",
      "leapMonth": false
    },
    "zodiac": "犬"
  },
  {
    "day": "星期四",
    "gregorian": {
      "year": 1958,
      "month": 4,
      "date": 24
    },
    "lunar": {
      "year": "戊戌",
      "month": "三月",
      "date": "初六",
      "leapMonth": false
    },
    "zodiac": "犬"
  },
  {
    "day": "星期五",
    "gregorian": {
      "year": 1958,
      "month": 4,
      "date": 25
    },
    "lunar": {
      "year": "戊戌",
      "month": "三月",
      "date": "初七",
      "leapMonth": false
    },
    "zodiac": "犬"
  },
  {
    "day": "星期六",
    "gregorian": {
      "year": 1958,
      "month": 4,
      "date": 26
    },
    "lunar": {
      "year": "戊戌",
      "month": "三月",
      "date": "初八",
      "leapMonth": false
    },
    "zodiac": "犬"
  },
  {
    "day": "星期日",
    "gregorian": {
      "year": 1958,
      "month": 4,
      "date": 27
    },
    "lunar": {
      "year": "戊戌",
      "month": "三月",
      "date": "初九",
      "leapMonth": false
    },
    "zodiac": "犬"
  },
  {
    "day": "星期一",
    "gregorian": {
      "year": 1958,
      "month": 4,
      "date": 28
    },
    "lunar": {
      "year": "戊戌",
      "month": "三月",
      "date": "初十",
      "leapMonth": false
    },
    "zodiac": "犬"
  },
  {
    "day": "星期二",
    "gregorian": {
      "year": 1958,
      "month": 4,
      "date": 29
    },
    "lunar": {
      "year": "戊戌",
      "month": "三月",
      "date": "十一",
      "leapMonth": false
    },
    "zodiac": "犬"
  },
  {
    "day": "星期三",
    "gregorian": {
      "year": 1958,
      "month": 4,
      "date": 30
    },
    "lunar": {
      "year": "戊戌",
      "month": "三月",
      "date": "十二",
      "leapMonth": false
    },
    "zodiac": "犬"
  },
  {
    "day": "星期四",
    "gregorian": {
      "year": 1958,
      "month": 5,
      "date": 1
    },
    "lunar": {
      "year": "戊戌",
      "month": "三月",
      "date": "十三",
      "leapMonth": false
    },
    "zodiac": "犬"
  },
  {
    "day": "星期五",
    "gregorian": {
      "year": 1958,
      "month": 5,
      "date": 2
    },
    "lunar": {
      "year": "戊戌",
      "month": "三月",
      "date": "十四",
      "leapMonth": false
    },
    "zodiac": "犬"
  },
  {
    "day": "星期六",
    "gregorian": {
      "year": 1958,
      "month": 5,
      "date": 3
    },
    "lunar": {
      "year": "戊戌",
      "month": "三月",
      "date": "十五",
      "leapMonth": false
    },
    "zodiac": "犬"
  },
  {
    "day": "星期日",
    "gregorian": {
      "year": 1958,
      "month": 5,
      "date": 4
    },
    "lunar": {
      "year": "戊戌",
      "month": "三月",
      "date": "十六",
      "leapMonth": false
    },
    "zodiac": "犬"
  },
  {
    "day": "星期一",
    "gregorian": {
      "year": 1958,
      "month": 5,
      "date": 5
    },
    "lunar": {
      "year": "戊戌",
      "month": "三月",
      "date": "十七",
      "leapMonth": false
    },
    "zodiac": "犬"
  },
  {
    "day": "星期二",
    "gregorian": {
      "year": 1958,
      "month": 5,
      "date": 6
    },
    "lunar": {
      "year": "戊戌",
      "month": "三月",
      "date": "十八",
      "leapMonth": false
    },
    "solarTerm": "立夏",
    "zodiac": "犬"
  },
  {
    "day": "星期三",
    "gregorian": {
      "year": 1958,
      "month": 5,
      "date": 7
    },
    "lunar": {
      "year": "戊戌",
      "month": "三月",
      "date": "十九",
      "leapMonth": false
    },
    "zodiac": "犬"
  },
  {
    "day": "星期四",
    "gregorian": {
      "year": 1958,
      "month": 5,
      "date": 8
    },
    "lunar": {
      "year": "戊戌",
      "month": "三月",
      "date": "二十",
      "leapMonth": false
    },
    "zodiac": "犬"
  },
  {
    "day": "星期五",
    "gregorian": {
      "year": 1958,
      "month": 5,
      "date": 9
    },
    "lunar": {
      "year": "戊戌",
      "month": "三月",
      "date": "廿一",
      "leapMonth": false
    },
    "zodiac": "犬"
  },
  {
    "day": "星期六",
    "gregorian": {
      "year": 1958,
      "month": 5,
      "date": 10
    },
    "lunar": {
      "year": "戊戌",
      "month": "三月",
      "date": "廿二",
      "leapMonth": false
    },
    "zodiac": "犬"
  },
  {
    "day": "星期日",
    "gregorian": {
      "year": 1958,
      "month": 5,
      "date": 11
    },
    "lunar": {
      "year": "戊戌",
      "month": "三月",
      "date": "廿三",
      "leapMonth": false
    },
    "zodiac": "犬"
  },
  {
    "day": "星期一",
    "gregorian": {
      "year": 1958,
      "month": 5,
      "date": 12
    },
    "lunar": {
      "year": "戊戌",
      "month": "三月",
      "date": "廿四",
      "leapMonth": false
    },
    "zodiac": "犬"
  },
  {
    "day": "星期二",
    "gregorian": {
      "year": 1958,
      "month": 5,
      "date": 13
    },
    "lunar": {
      "year": "戊戌",
      "month": "三月",
      "date": "廿五",
      "leapMonth": false
    },
    "zodiac": "犬"
  },
  {
    "day": "星期三",
    "gregorian": {
      "year": 1958,
      "month": 5,
      "date": 14
    },
    "lunar": {
      "year": "戊戌",
      "month": "三月",
      "date": "廿六",
      "leapMonth": false
    },
    "zodiac": "犬"
  },
  {
    "day": "星期四",
    "gregorian": {
      "year": 1958,
      "month": 5,
      "date": 15
    },
    "lunar": {
      "year": "戊戌",
      "month": "三月",
      "date": "廿七",
      "leapMonth": false
    },
    "zodiac": "犬"
  },
  {
    "day": "星期五",
    "gregorian": {
      "year": 1958,
      "month": 5,
      "date": 16
    },
    "lunar": {
      "year": "戊戌",
      "month": "三月",
      "date": "廿八",
      "leapMonth": false
    },
    "zodiac": "犬"
  },
  {
    "day": "星期六",
    "gregorian": {
      "year": 1958,
      "month": 5,
      "date": 17
    },
    "lunar": {
      "year": "戊戌",
      "month": "三月",
      "date": "廿九",
      "leapMonth": false
    },
    "zodiac": "犬"
  },
  {
    "day": "星期日",
    "gregorian": {
      "year": 1958,
      "month": 5,
      "date": 18
    },
    "lunar": {
      "year": "戊戌",
      "month": "三月",
      "date": "三十",
      "leapMonth": false
    },
    "zodiac": "犬"
  },
  {
    "day": "星期一",
    "gregorian": {
      "year": 1958,
      "month": 5,
      "date": 19
    },
    "lunar": {
      "year": "戊戌",
      "month": "四月",
      "date": "初一",
      "leapMonth": false
    },
    "zodiac": "犬"
  },
  {
    "day": "星期二",
    "gregorian": {
      "year": 1958,
      "month": 5,
      "date": 20
    },
    "lunar": {
      "year": "戊戌",
      "month": "四月",
      "date": "初二",
      "leapMonth": false
    },
    "zodiac": "犬"
  },
  {
    "day": "星期三",
    "gregorian": {
      "year": 1958,
      "month": 5,
      "date": 21
    },
    "lunar": {
      "year": "戊戌",
      "month": "四月",
      "date": "初三",
      "leapMonth": false
    },
    "solarTerm": "小滿",
    "zodiac": "犬"
  },
  {
    "day": "星期四",
    "gregorian": {
      "year": 1958,
      "month": 5,
      "date": 22
    },
    "lunar": {
      "year": "戊戌",
      "month": "四月",
      "date": "初四",
      "leapMonth": false
    },
    "zodiac": "犬"
  },
  {
    "day": "星期五",
    "gregorian": {
      "year": 1958,
      "month": 5,
      "date": 23
    },
    "lunar": {
      "year": "戊戌",
      "month": "四月",
      "date": "初五",
      "leapMonth": false
    },
    "zodiac": "犬"
  },
  {
    "day": "星期六",
    "gregorian": {
      "year": 1958,
      "month": 5,
      "date": 24
    },
    "lunar": {
      "year": "戊戌",
      "month": "四月",
      "date": "初六",
      "leapMonth": false
    },
    "zodiac": "犬"
  },
  {
    "day": "星期日",
    "gregorian": {
      "year": 1958,
      "month": 5,
      "date": 25
    },
    "lunar": {
      "year": "戊戌",
      "month": "四月",
      "date": "初七",
      "leapMonth": false
    },
    "zodiac": "犬"
  },
  {
    "day": "星期一",
    "gregorian": {
      "year": 1958,
      "month": 5,
      "date": 26
    },
    "lunar": {
      "year": "戊戌",
      "month": "四月",
      "date": "初八",
      "leapMonth": false
    },
    "zodiac": "犬"
  },
  {
    "day": "星期二",
    "gregorian": {
      "year": 1958,
      "month": 5,
      "date": 27
    },
    "lunar": {
      "year": "戊戌",
      "month": "四月",
      "date": "初九",
      "leapMonth": false
    },
    "zodiac": "犬"
  },
  {
    "day": "星期三",
    "gregorian": {
      "year": 1958,
      "month": 5,
      "date": 28
    },
    "lunar": {
      "year": "戊戌",
      "month": "四月",
      "date": "初十",
      "leapMonth": false
    },
    "zodiac": "犬"
  },
  {
    "day": "星期四",
    "gregorian": {
      "year": 1958,
      "month": 5,
      "date": 29
    },
    "lunar": {
      "year": "戊戌",
      "month": "四月",
      "date": "十一",
      "leapMonth": false
    },
    "zodiac": "犬"
  },
  {
    "day": "星期五",
    "gregorian": {
      "year": 1958,
      "month": 5,
      "date": 30
    },
    "lunar": {
      "year": "戊戌",
      "month": "四月",
      "date": "十二",
      "leapMonth": false
    },
    "zodiac": "犬"
  },
  {
    "day": "星期六",
    "gregorian": {
      "year": 1958,
      "month": 5,
      "date": 31
    },
    "lunar": {
      "year": "戊戌",
      "month": "四月",
      "date": "十三",
      "leapMonth": false
    },
    "zodiac": "犬"
  },
  {
    "day": "星期日",
    "gregorian": {
      "year": 1958,
      "month": 6,
      "date": 1
    },
    "lunar": {
      "year": "戊戌",
      "month": "四月",
      "date": "十四",
      "leapMonth": false
    },
    "zodiac": "犬"
  },
  {
    "day": "星期一",
    "gregorian": {
      "year": 1958,
      "month": 6,
      "date": 2
    },
    "lunar": {
      "year": "戊戌",
      "month": "四月",
      "date": "十五",
      "leapMonth": false
    },
    "zodiac": "犬"
  },
  {
    "day": "星期二",
    "gregorian": {
      "year": 1958,
      "month": 6,
      "date": 3
    },
    "lunar": {
      "year": "戊戌",
      "month": "四月",
      "date": "十六",
      "leapMonth": false
    },
    "zodiac": "犬"
  },
  {
    "day": "星期三",
    "gregorian": {
      "year": 1958,
      "month": 6,
      "date": 4
    },
    "lunar": {
      "year": "戊戌",
      "month": "四月",
      "date": "十七",
      "leapMonth": false
    },
    "zodiac": "犬"
  },
  {
    "day": "星期四",
    "gregorian": {
      "year": 1958,
      "month": 6,
      "date": 5
    },
    "lunar": {
      "year": "戊戌",
      "month": "四月",
      "date": "十八",
      "leapMonth": false
    },
    "zodiac": "犬"
  },
  {
    "day": "星期五",
    "gregorian": {
      "year": 1958,
      "month": 6,
      "date": 6
    },
    "lunar": {
      "year": "戊戌",
      "month": "四月",
      "date": "十九",
      "leapMonth": false
    },
    "solarTerm": "芒種",
    "zodiac": "犬"
  },
  {
    "day": "星期六",
    "gregorian": {
      "year": 1958,
      "month": 6,
      "date": 7
    },
    "lunar": {
      "year": "戊戌",
      "month": "四月",
      "date": "二十",
      "leapMonth": false
    },
    "zodiac": "犬"
  },
  {
    "day": "星期日",
    "gregorian": {
      "year": 1958,
      "month": 6,
      "date": 8
    },
    "lunar": {
      "year": "戊戌",
      "month": "四月",
      "date": "廿一",
      "leapMonth": false
    },
    "zodiac": "犬"
  },
  {
    "day": "星期一",
    "gregorian": {
      "year": 1958,
      "month": 6,
      "date": 9
    },
    "lunar": {
      "year": "戊戌",
      "month": "四月",
      "date": "廿二",
      "leapMonth": false
    },
    "zodiac": "犬"
  },
  {
    "day": "星期二",
    "gregorian": {
      "year": 1958,
      "month": 6,
      "date": 10
    },
    "lunar": {
      "year": "戊戌",
      "month": "四月",
      "date": "廿三",
      "leapMonth": false
    },
    "zodiac": "犬"
  },
  {
    "day": "星期三",
    "gregorian": {
      "year": 1958,
      "month": 6,
      "date": 11
    },
    "lunar": {
      "year": "戊戌",
      "month": "四月",
      "date": "廿四",
      "leapMonth": false
    },
    "zodiac": "犬"
  },
  {
    "day": "星期四",
    "gregorian": {
      "year": 1958,
      "month": 6,
      "date": 12
    },
    "lunar": {
      "year": "戊戌",
      "month": "四月",
      "date": "廿五",
      "leapMonth": false
    },
    "zodiac": "犬"
  },
  {
    "day": "星期五",
    "gregorian": {
      "year": 1958,
      "month": 6,
      "date": 13
    },
    "lunar": {
      "year": "戊戌",
      "month": "四月",
      "date": "廿六",
      "leapMonth": false
    },
    "zodiac": "犬"
  },
  {
    "day": "星期六",
    "gregorian": {
      "year": 1958,
      "month": 6,
      "date": 14
    },
    "lunar": {
      "year": "戊戌",
      "month": "四月",
      "date": "廿七",
      "leapMonth": false
    },
    "zodiac": "犬"
  },
  {
    "day": "星期日",
    "gregorian": {
      "year": 1958,
      "month": 6,
      "date": 15
    },
    "lunar": {
      "year": "戊戌",
      "month": "四月",
      "date": "廿八",
      "leapMonth": false
    },
    "zodiac": "犬"
  },
  {
    "day": "星期一",
    "gregorian": {
      "year": 1958,
      "month": 6,
      "date": 16
    },
    "lunar": {
      "year": "戊戌",
      "month": "四月",
      "date": "廿九",
      "leapMonth": false
    },
    "zodiac": "犬"
  },
  {
    "day": "星期二",
    "gregorian": {
      "year": 1958,
      "month": 6,
      "date": 17
    },
    "lunar": {
      "year": "戊戌",
      "month": "五月",
      "date": "初一",
      "leapMonth": false
    },
    "zodiac": "犬"
  },
  {
    "day": "星期三",
    "gregorian": {
      "year": 1958,
      "month": 6,
      "date": 18
    },
    "lunar": {
      "year": "戊戌",
      "month": "五月",
      "date": "初二",
      "leapMonth": false
    },
    "zodiac": "犬"
  },
  {
    "day": "星期四",
    "gregorian": {
      "year": 1958,
      "month": 6,
      "date": 19
    },
    "lunar": {
      "year": "戊戌",
      "month": "五月",
      "date": "初三",
      "leapMonth": false
    },
    "zodiac": "犬"
  },
  {
    "day": "星期五",
    "gregorian": {
      "year": 1958,
      "month": 6,
      "date": 20
    },
    "lunar": {
      "year": "戊戌",
      "month": "五月",
      "date": "初四",
      "leapMonth": false
    },
    "zodiac": "犬"
  },
  {
    "day": "星期六",
    "gregorian": {
      "year": 1958,
      "month": 6,
      "date": 21
    },
    "lunar": {
      "year": "戊戌",
      "month": "五月",
      "date": "初五",
      "leapMonth": false
    },
    "zodiac": "犬"
  },
  {
    "day": "星期日",
    "gregorian": {
      "year": 1958,
      "month": 6,
      "date": 22
    },
    "lunar": {
      "year": "戊戌",
      "month": "五月",
      "date": "初六",
      "leapMonth": false
    },
    "solarTerm": "夏至",
    "zodiac": "犬"
  },
  {
    "day": "星期一",
    "gregorian": {
      "year": 1958,
      "month": 6,
      "date": 23
    },
    "lunar": {
      "year": "戊戌",
      "month": "五月",
      "date": "初七",
      "leapMonth": false
    },
    "zodiac": "犬"
  },
  {
    "day": "星期二",
    "gregorian": {
      "year": 1958,
      "month": 6,
      "date": 24
    },
    "lunar": {
      "year": "戊戌",
      "month": "五月",
      "date": "初八",
      "leapMonth": false
    },
    "zodiac": "犬"
  },
  {
    "day": "星期三",
    "gregorian": {
      "year": 1958,
      "month": 6,
      "date": 25
    },
    "lunar": {
      "year": "戊戌",
      "month": "五月",
      "date": "初九",
      "leapMonth": false
    },
    "zodiac": "犬"
  },
  {
    "day": "星期四",
    "gregorian": {
      "year": 1958,
      "month": 6,
      "date": 26
    },
    "lunar": {
      "year": "戊戌",
      "month": "五月",
      "date": "初十",
      "leapMonth": false
    },
    "zodiac": "犬"
  },
  {
    "day": "星期五",
    "gregorian": {
      "year": 1958,
      "month": 6,
      "date": 27
    },
    "lunar": {
      "year": "戊戌",
      "month": "五月",
      "date": "十一",
      "leapMonth": false
    },
    "zodiac": "犬"
  },
  {
    "day": "星期六",
    "gregorian": {
      "year": 1958,
      "month": 6,
      "date": 28
    },
    "lunar": {
      "year": "戊戌",
      "month": "五月",
      "date": "十二",
      "leapMonth": false
    },
    "zodiac": "犬"
  },
  {
    "day": "星期日",
    "gregorian": {
      "year": 1958,
      "month": 6,
      "date": 29
    },
    "lunar": {
      "year": "戊戌",
      "month": "五月",
      "date": "十三",
      "leapMonth": false
    },
    "zodiac": "犬"
  },
  {
    "day": "星期一",
    "gregorian": {
      "year": 1958,
      "month": 6,
      "date": 30
    },
    "lunar": {
      "year": "戊戌",
      "month": "五月",
      "date": "十四",
      "leapMonth": false
    },
    "zodiac": "犬"
  },
  {
    "day": "星期二",
    "gregorian": {
      "year": 1958,
      "month": 7,
      "date": 1
    },
    "lunar": {
      "year": "戊戌",
      "month": "五月",
      "date": "十五",
      "leapMonth": false
    },
    "zodiac": "犬"
  },
  {
    "day": "星期三",
    "gregorian": {
      "year": 1958,
      "month": 7,
      "date": 2
    },
    "lunar": {
      "year": "戊戌",
      "month": "五月",
      "date": "十六",
      "leapMonth": false
    },
    "zodiac": "犬"
  },
  {
    "day": "星期四",
    "gregorian": {
      "year": 1958,
      "month": 7,
      "date": 3
    },
    "lunar": {
      "year": "戊戌",
      "month": "五月",
      "date": "十七",
      "leapMonth": false
    },
    "zodiac": "犬"
  },
  {
    "day": "星期五",
    "gregorian": {
      "year": 1958,
      "month": 7,
      "date": 4
    },
    "lunar": {
      "year": "戊戌",
      "month": "五月",
      "date": "十八",
      "leapMonth": false
    },
    "zodiac": "犬"
  },
  {
    "day": "星期六",
    "gregorian": {
      "year": 1958,
      "month": 7,
      "date": 5
    },
    "lunar": {
      "year": "戊戌",
      "month": "五月",
      "date": "十九",
      "leapMonth": false
    },
    "zodiac": "犬"
  },
  {
    "day": "星期日",
    "gregorian": {
      "year": 1958,
      "month": 7,
      "date": 6
    },
    "lunar": {
      "year": "戊戌",
      "month": "五月",
      "date": "二十",
      "leapMonth": false
    },
    "zodiac": "犬"
  },
  {
    "day": "星期一",
    "gregorian": {
      "year": 1958,
      "month": 7,
      "date": 7
    },
    "lunar": {
      "year": "戊戌",
      "month": "五月",
      "date": "廿一",
      "leapMonth": false
    },
    "solarTerm": "小暑",
    "zodiac": "犬"
  },
  {
    "day": "星期二",
    "gregorian": {
      "year": 1958,
      "month": 7,
      "date": 8
    },
    "lunar": {
      "year": "戊戌",
      "month": "五月",
      "date": "廿二",
      "leapMonth": false
    },
    "zodiac": "犬"
  },
  {
    "day": "星期三",
    "gregorian": {
      "year": 1958,
      "month": 7,
      "date": 9
    },
    "lunar": {
      "year": "戊戌",
      "month": "五月",
      "date": "廿三",
      "leapMonth": false
    },
    "zodiac": "犬"
  },
  {
    "day": "星期四",
    "gregorian": {
      "year": 1958,
      "month": 7,
      "date": 10
    },
    "lunar": {
      "year": "戊戌",
      "month": "五月",
      "date": "廿四",
      "leapMonth": false
    },
    "zodiac": "犬"
  },
  {
    "day": "星期五",
    "gregorian": {
      "year": 1958,
      "month": 7,
      "date": 11
    },
    "lunar": {
      "year": "戊戌",
      "month": "五月",
      "date": "廿五",
      "leapMonth": false
    },
    "zodiac": "犬"
  },
  {
    "day": "星期六",
    "gregorian": {
      "year": 1958,
      "month": 7,
      "date": 12
    },
    "lunar": {
      "year": "戊戌",
      "month": "五月",
      "date": "廿六",
      "leapMonth": false
    },
    "zodiac": "犬"
  },
  {
    "day": "星期日",
    "gregorian": {
      "year": 1958,
      "month": 7,
      "date": 13
    },
    "lunar": {
      "year": "戊戌",
      "month": "五月",
      "date": "廿七",
      "leapMonth": false
    },
    "zodiac": "犬"
  },
  {
    "day": "星期一",
    "gregorian": {
      "year": 1958,
      "month": 7,
      "date": 14
    },
    "lunar": {
      "year": "戊戌",
      "month": "五月",
      "date": "廿八",
      "leapMonth": false
    },
    "zodiac": "犬"
  },
  {
    "day": "星期二",
    "gregorian": {
      "year": 1958,
      "month": 7,
      "date": 15
    },
    "lunar": {
      "year": "戊戌",
      "month": "五月",
      "date": "廿九",
      "leapMonth": false
    },
    "zodiac": "犬"
  },
  {
    "day": "星期三",
    "gregorian": {
      "year": 1958,
      "month": 7,
      "date": 16
    },
    "lunar": {
      "year": "戊戌",
      "month": "五月",
      "date": "三十",
      "leapMonth": false
    },
    "zodiac": "犬"
  },
  {
    "day": "星期四",
    "gregorian": {
      "year": 1958,
      "month": 7,
      "date": 17
    },
    "lunar": {
      "year": "戊戌",
      "month": "六月",
      "date": "初一",
      "leapMonth": false
    },
    "zodiac": "犬"
  },
  {
    "day": "星期五",
    "gregorian": {
      "year": 1958,
      "month": 7,
      "date": 18
    },
    "lunar": {
      "year": "戊戌",
      "month": "六月",
      "date": "初二",
      "leapMonth": false
    },
    "zodiac": "犬"
  },
  {
    "day": "星期六",
    "gregorian": {
      "year": 1958,
      "month": 7,
      "date": 19
    },
    "lunar": {
      "year": "戊戌",
      "month": "六月",
      "date": "初三",
      "leapMonth": false
    },
    "zodiac": "犬"
  },
  {
    "day": "星期日",
    "gregorian": {
      "year": 1958,
      "month": 7,
      "date": 20
    },
    "lunar": {
      "year": "戊戌",
      "month": "六月",
      "date": "初四",
      "leapMonth": false
    },
    "zodiac": "犬"
  },
  {
    "day": "星期一",
    "gregorian": {
      "year": 1958,
      "month": 7,
      "date": 21
    },
    "lunar": {
      "year": "戊戌",
      "month": "六月",
      "date": "初五",
      "leapMonth": false
    },
    "zodiac": "犬"
  },
  {
    "day": "星期二",
    "gregorian": {
      "year": 1958,
      "month": 7,
      "date": 22
    },
    "lunar": {
      "year": "戊戌",
      "month": "六月",
      "date": "初六",
      "leapMonth": false
    },
    "zodiac": "犬"
  },
  {
    "day": "星期三",
    "gregorian": {
      "year": 1958,
      "month": 7,
      "date": 23
    },
    "lunar": {
      "year": "戊戌",
      "month": "六月",
      "date": "初七",
      "leapMonth": false
    },
    "solarTerm": "大暑",
    "zodiac": "犬"
  },
  {
    "day": "星期四",
    "gregorian": {
      "year": 1958,
      "month": 7,
      "date": 24
    },
    "lunar": {
      "year": "戊戌",
      "month": "六月",
      "date": "初八",
      "leapMonth": false
    },
    "zodiac": "犬"
  },
  {
    "day": "星期五",
    "gregorian": {
      "year": 1958,
      "month": 7,
      "date": 25
    },
    "lunar": {
      "year": "戊戌",
      "month": "六月",
      "date": "初九",
      "leapMonth": false
    },
    "zodiac": "犬"
  },
  {
    "day": "星期六",
    "gregorian": {
      "year": 1958,
      "month": 7,
      "date": 26
    },
    "lunar": {
      "year": "戊戌",
      "month": "六月",
      "date": "初十",
      "leapMonth": false
    },
    "zodiac": "犬"
  },
  {
    "day": "星期日",
    "gregorian": {
      "year": 1958,
      "month": 7,
      "date": 27
    },
    "lunar": {
      "year": "戊戌",
      "month": "六月",
      "date": "十一",
      "leapMonth": false
    },
    "zodiac": "犬"
  },
  {
    "day": "星期一",
    "gregorian": {
      "year": 1958,
      "month": 7,
      "date": 28
    },
    "lunar": {
      "year": "戊戌",
      "month": "六月",
      "date": "十二",
      "leapMonth": false
    },
    "zodiac": "犬"
  },
  {
    "day": "星期二",
    "gregorian": {
      "year": 1958,
      "month": 7,
      "date": 29
    },
    "lunar": {
      "year": "戊戌",
      "month": "六月",
      "date": "十三",
      "leapMonth": false
    },
    "zodiac": "犬"
  },
  {
    "day": "星期三",
    "gregorian": {
      "year": 1958,
      "month": 7,
      "date": 30
    },
    "lunar": {
      "year": "戊戌",
      "month": "六月",
      "date": "十四",
      "leapMonth": false
    },
    "zodiac": "犬"
  },
  {
    "day": "星期四",
    "gregorian": {
      "year": 1958,
      "month": 7,
      "date": 31
    },
    "lunar": {
      "year": "戊戌",
      "month": "六月",
      "date": "十五",
      "leapMonth": false
    },
    "zodiac": "犬"
  },
  {
    "day": "星期五",
    "gregorian": {
      "year": 1958,
      "month": 8,
      "date": 1
    },
    "lunar": {
      "year": "戊戌",
      "month": "六月",
      "date": "十六",
      "leapMonth": false
    },
    "zodiac": "犬"
  },
  {
    "day": "星期六",
    "gregorian": {
      "year": 1958,
      "month": 8,
      "date": 2
    },
    "lunar": {
      "year": "戊戌",
      "month": "六月",
      "date": "十七",
      "leapMonth": false
    },
    "zodiac": "犬"
  },
  {
    "day": "星期日",
    "gregorian": {
      "year": 1958,
      "month": 8,
      "date": 3
    },
    "lunar": {
      "year": "戊戌",
      "month": "六月",
      "date": "十八",
      "leapMonth": false
    },
    "zodiac": "犬"
  },
  {
    "day": "星期一",
    "gregorian": {
      "year": 1958,
      "month": 8,
      "date": 4
    },
    "lunar": {
      "year": "戊戌",
      "month": "六月",
      "date": "十九",
      "leapMonth": false
    },
    "zodiac": "犬"
  },
  {
    "day": "星期二",
    "gregorian": {
      "year": 1958,
      "month": 8,
      "date": 5
    },
    "lunar": {
      "year": "戊戌",
      "month": "六月",
      "date": "二十",
      "leapMonth": false
    },
    "zodiac": "犬"
  },
  {
    "day": "星期三",
    "gregorian": {
      "year": 1958,
      "month": 8,
      "date": 6
    },
    "lunar": {
      "year": "戊戌",
      "month": "六月",
      "date": "廿一",
      "leapMonth": false
    },
    "zodiac": "犬"
  },
  {
    "day": "星期四",
    "gregorian": {
      "year": 1958,
      "month": 8,
      "date": 7
    },
    "lunar": {
      "year": "戊戌",
      "month": "六月",
      "date": "廿二",
      "leapMonth": false
    },
    "zodiac": "犬"
  },
  {
    "day": "星期五",
    "gregorian": {
      "year": 1958,
      "month": 8,
      "date": 8
    },
    "lunar": {
      "year": "戊戌",
      "month": "六月",
      "date": "廿三",
      "leapMonth": false
    },
    "solarTerm": "立秋",
    "zodiac": "犬"
  },
  {
    "day": "星期六",
    "gregorian": {
      "year": 1958,
      "month": 8,
      "date": 9
    },
    "lunar": {
      "year": "戊戌",
      "month": "六月",
      "date": "廿四",
      "leapMonth": false
    },
    "zodiac": "犬"
  },
  {
    "day": "星期日",
    "gregorian": {
      "year": 1958,
      "month": 8,
      "date": 10
    },
    "lunar": {
      "year": "戊戌",
      "month": "六月",
      "date": "廿五",
      "leapMonth": false
    },
    "zodiac": "犬"
  },
  {
    "day": "星期一",
    "gregorian": {
      "year": 1958,
      "month": 8,
      "date": 11
    },
    "lunar": {
      "year": "戊戌",
      "month": "六月",
      "date": "廿六",
      "leapMonth": false
    },
    "zodiac": "犬"
  },
  {
    "day": "星期二",
    "gregorian": {
      "year": 1958,
      "month": 8,
      "date": 12
    },
    "lunar": {
      "year": "戊戌",
      "month": "六月",
      "date": "廿七",
      "leapMonth": false
    },
    "zodiac": "犬"
  },
  {
    "day": "星期三",
    "gregorian": {
      "year": 1958,
      "month": 8,
      "date": 13
    },
    "lunar": {
      "year": "戊戌",
      "month": "六月",
      "date": "廿八",
      "leapMonth": false
    },
    "zodiac": "犬"
  },
  {
    "day": "星期四",
    "gregorian": {
      "year": 1958,
      "month": 8,
      "date": 14
    },
    "lunar": {
      "year": "戊戌",
      "month": "六月",
      "date": "廿九",
      "leapMonth": false
    },
    "zodiac": "犬"
  },
  {
    "day": "星期五",
    "gregorian": {
      "year": 1958,
      "month": 8,
      "date": 15
    },
    "lunar": {
      "year": "戊戌",
      "month": "七月",
      "date": "初一",
      "leapMonth": false
    },
    "zodiac": "犬"
  },
  {
    "day": "星期六",
    "gregorian": {
      "year": 1958,
      "month": 8,
      "date": 16
    },
    "lunar": {
      "year": "戊戌",
      "month": "七月",
      "date": "初二",
      "leapMonth": false
    },
    "zodiac": "犬"
  },
  {
    "day": "星期日",
    "gregorian": {
      "year": 1958,
      "month": 8,
      "date": 17
    },
    "lunar": {
      "year": "戊戌",
      "month": "七月",
      "date": "初三",
      "leapMonth": false
    },
    "zodiac": "犬"
  },
  {
    "day": "星期一",
    "gregorian": {
      "year": 1958,
      "month": 8,
      "date": 18
    },
    "lunar": {
      "year": "戊戌",
      "month": "七月",
      "date": "初四",
      "leapMonth": false
    },
    "zodiac": "犬"
  },
  {
    "day": "星期二",
    "gregorian": {
      "year": 1958,
      "month": 8,
      "date": 19
    },
    "lunar": {
      "year": "戊戌",
      "month": "七月",
      "date": "初五",
      "leapMonth": false
    },
    "zodiac": "犬"
  },
  {
    "day": "星期三",
    "gregorian": {
      "year": 1958,
      "month": 8,
      "date": 20
    },
    "lunar": {
      "year": "戊戌",
      "month": "七月",
      "date": "初六",
      "leapMonth": false
    },
    "zodiac": "犬"
  },
  {
    "day": "星期四",
    "gregorian": {
      "year": 1958,
      "month": 8,
      "date": 21
    },
    "lunar": {
      "year": "戊戌",
      "month": "七月",
      "date": "初七",
      "leapMonth": false
    },
    "zodiac": "犬"
  },
  {
    "day": "星期五",
    "gregorian": {
      "year": 1958,
      "month": 8,
      "date": 22
    },
    "lunar": {
      "year": "戊戌",
      "month": "七月",
      "date": "初八",
      "leapMonth": false
    },
    "zodiac": "犬"
  },
  {
    "day": "星期六",
    "gregorian": {
      "year": 1958,
      "month": 8,
      "date": 23
    },
    "lunar": {
      "year": "戊戌",
      "month": "七月",
      "date": "初九",
      "leapMonth": false
    },
    "solarTerm": "處暑",
    "zodiac": "犬"
  },
  {
    "day": "星期日",
    "gregorian": {
      "year": 1958,
      "month": 8,
      "date": 24
    },
    "lunar": {
      "year": "戊戌",
      "month": "七月",
      "date": "初十",
      "leapMonth": false
    },
    "zodiac": "犬"
  },
  {
    "day": "星期一",
    "gregorian": {
      "year": 1958,
      "month": 8,
      "date": 25
    },
    "lunar": {
      "year": "戊戌",
      "month": "七月",
      "date": "十一",
      "leapMonth": false
    },
    "zodiac": "犬"
  },
  {
    "day": "星期二",
    "gregorian": {
      "year": 1958,
      "month": 8,
      "date": 26
    },
    "lunar": {
      "year": "戊戌",
      "month": "七月",
      "date": "十二",
      "leapMonth": false
    },
    "zodiac": "犬"
  },
  {
    "day": "星期三",
    "gregorian": {
      "year": 1958,
      "month": 8,
      "date": 27
    },
    "lunar": {
      "year": "戊戌",
      "month": "七月",
      "date": "十三",
      "leapMonth": false
    },
    "zodiac": "犬"
  },
  {
    "day": "星期四",
    "gregorian": {
      "year": 1958,
      "month": 8,
      "date": 28
    },
    "lunar": {
      "year": "戊戌",
      "month": "七月",
      "date": "十四",
      "leapMonth": false
    },
    "zodiac": "犬"
  },
  {
    "day": "星期五",
    "gregorian": {
      "year": 1958,
      "month": 8,
      "date": 29
    },
    "lunar": {
      "year": "戊戌",
      "month": "七月",
      "date": "十五",
      "leapMonth": false
    },
    "zodiac": "犬"
  },
  {
    "day": "星期六",
    "gregorian": {
      "year": 1958,
      "month": 8,
      "date": 30
    },
    "lunar": {
      "year": "戊戌",
      "month": "七月",
      "date": "十六",
      "leapMonth": false
    },
    "zodiac": "犬"
  },
  {
    "day": "星期日",
    "gregorian": {
      "year": 1958,
      "month": 8,
      "date": 31
    },
    "lunar": {
      "year": "戊戌",
      "month": "七月",
      "date": "十七",
      "leapMonth": false
    },
    "zodiac": "犬"
  },
  {
    "day": "星期一",
    "gregorian": {
      "year": 1958,
      "month": 9,
      "date": 1
    },
    "lunar": {
      "year": "戊戌",
      "month": "七月",
      "date": "十八",
      "leapMonth": false
    },
    "zodiac": "犬"
  },
  {
    "day": "星期二",
    "gregorian": {
      "year": 1958,
      "month": 9,
      "date": 2
    },
    "lunar": {
      "year": "戊戌",
      "month": "七月",
      "date": "十九",
      "leapMonth": false
    },
    "zodiac": "犬"
  },
  {
    "day": "星期三",
    "gregorian": {
      "year": 1958,
      "month": 9,
      "date": 3
    },
    "lunar": {
      "year": "戊戌",
      "month": "七月",
      "date": "二十",
      "leapMonth": false
    },
    "zodiac": "犬"
  },
  {
    "day": "星期四",
    "gregorian": {
      "year": 1958,
      "month": 9,
      "date": 4
    },
    "lunar": {
      "year": "戊戌",
      "month": "七月",
      "date": "廿一",
      "leapMonth": false
    },
    "zodiac": "犬"
  },
  {
    "day": "星期五",
    "gregorian": {
      "year": 1958,
      "month": 9,
      "date": 5
    },
    "lunar": {
      "year": "戊戌",
      "month": "七月",
      "date": "廿二",
      "leapMonth": false
    },
    "zodiac": "犬"
  },
  {
    "day": "星期六",
    "gregorian": {
      "year": 1958,
      "month": 9,
      "date": 6
    },
    "lunar": {
      "year": "戊戌",
      "month": "七月",
      "date": "廿三",
      "leapMonth": false
    },
    "zodiac": "犬"
  },
  {
    "day": "星期日",
    "gregorian": {
      "year": 1958,
      "month": 9,
      "date": 7
    },
    "lunar": {
      "year": "戊戌",
      "month": "七月",
      "date": "廿四",
      "leapMonth": false
    },
    "zodiac": "犬"
  },
  {
    "day": "星期一",
    "gregorian": {
      "year": 1958,
      "month": 9,
      "date": 8
    },
    "lunar": {
      "year": "戊戌",
      "month": "七月",
      "date": "廿五",
      "leapMonth": false
    },
    "solarTerm": "白露",
    "zodiac": "犬"
  },
  {
    "day": "星期二",
    "gregorian": {
      "year": 1958,
      "month": 9,
      "date": 9
    },
    "lunar": {
      "year": "戊戌",
      "month": "七月",
      "date": "廿六",
      "leapMonth": false
    },
    "zodiac": "犬"
  },
  {
    "day": "星期三",
    "gregorian": {
      "year": 1958,
      "month": 9,
      "date": 10
    },
    "lunar": {
      "year": "戊戌",
      "month": "七月",
      "date": "廿七",
      "leapMonth": false
    },
    "zodiac": "犬"
  },
  {
    "day": "星期四",
    "gregorian": {
      "year": 1958,
      "month": 9,
      "date": 11
    },
    "lunar": {
      "year": "戊戌",
      "month": "七月",
      "date": "廿八",
      "leapMonth": false
    },
    "zodiac": "犬"
  },
  {
    "day": "星期五",
    "gregorian": {
      "year": 1958,
      "month": 9,
      "date": 12
    },
    "lunar": {
      "year": "戊戌",
      "month": "七月",
      "date": "廿九",
      "leapMonth": false
    },
    "zodiac": "犬"
  },
  {
    "day": "星期六",
    "gregorian": {
      "year": 1958,
      "month": 9,
      "date": 13
    },
    "lunar": {
      "year": "戊戌",
      "month": "八月",
      "date": "初一",
      "leapMonth": false
    },
    "zodiac": "犬"
  },
  {
    "day": "星期日",
    "gregorian": {
      "year": 1958,
      "month": 9,
      "date": 14
    },
    "lunar": {
      "year": "戊戌",
      "month": "八月",
      "date": "初二",
      "leapMonth": false
    },
    "zodiac": "犬"
  },
  {
    "day": "星期一",
    "gregorian": {
      "year": 1958,
      "month": 9,
      "date": 15
    },
    "lunar": {
      "year": "戊戌",
      "month": "八月",
      "date": "初三",
      "leapMonth": false
    },
    "zodiac": "犬"
  },
  {
    "day": "星期二",
    "gregorian": {
      "year": 1958,
      "month": 9,
      "date": 16
    },
    "lunar": {
      "year": "戊戌",
      "month": "八月",
      "date": "初四",
      "leapMonth": false
    },
    "zodiac": "犬"
  },
  {
    "day": "星期三",
    "gregorian": {
      "year": 1958,
      "month": 9,
      "date": 17
    },
    "lunar": {
      "year": "戊戌",
      "month": "八月",
      "date": "初五",
      "leapMonth": false
    },
    "zodiac": "犬"
  },
  {
    "day": "星期四",
    "gregorian": {
      "year": 1958,
      "month": 9,
      "date": 18
    },
    "lunar": {
      "year": "戊戌",
      "month": "八月",
      "date": "初六",
      "leapMonth": false
    },
    "zodiac": "犬"
  },
  {
    "day": "星期五",
    "gregorian": {
      "year": 1958,
      "month": 9,
      "date": 19
    },
    "lunar": {
      "year": "戊戌",
      "month": "八月",
      "date": "初七",
      "leapMonth": false
    },
    "zodiac": "犬"
  },
  {
    "day": "星期六",
    "gregorian": {
      "year": 1958,
      "month": 9,
      "date": 20
    },
    "lunar": {
      "year": "戊戌",
      "month": "八月",
      "date": "初八",
      "leapMonth": false
    },
    "zodiac": "犬"
  },
  {
    "day": "星期日",
    "gregorian": {
      "year": 1958,
      "month": 9,
      "date": 21
    },
    "lunar": {
      "year": "戊戌",
      "month": "八月",
      "date": "初九",
      "leapMonth": false
    },
    "zodiac": "犬"
  },
  {
    "day": "星期一",
    "gregorian": {
      "year": 1958,
      "month": 9,
      "date": 22
    },
    "lunar": {
      "year": "戊戌",
      "month": "八月",
      "date": "初十",
      "leapMonth": false
    },
    "zodiac": "犬"
  },
  {
    "day": "星期二",
    "gregorian": {
      "year": 1958,
      "month": 9,
      "date": 23
    },
    "lunar": {
      "year": "戊戌",
      "month": "八月",
      "date": "十一",
      "leapMonth": false
    },
    "solarTerm": "秋分",
    "zodiac": "犬"
  },
  {
    "day": "星期三",
    "gregorian": {
      "year": 1958,
      "month": 9,
      "date": 24
    },
    "lunar": {
      "year": "戊戌",
      "month": "八月",
      "date": "十二",
      "leapMonth": false
    },
    "zodiac": "犬"
  },
  {
    "day": "星期四",
    "gregorian": {
      "year": 1958,
      "month": 9,
      "date": 25
    },
    "lunar": {
      "year": "戊戌",
      "month": "八月",
      "date": "十三",
      "leapMonth": false
    },
    "zodiac": "犬"
  },
  {
    "day": "星期五",
    "gregorian": {
      "year": 1958,
      "month": 9,
      "date": 26
    },
    "lunar": {
      "year": "戊戌",
      "month": "八月",
      "date": "十四",
      "leapMonth": false
    },
    "zodiac": "犬"
  },
  {
    "day": "星期六",
    "gregorian": {
      "year": 1958,
      "month": 9,
      "date": 27
    },
    "lunar": {
      "year": "戊戌",
      "month": "八月",
      "date": "十五",
      "leapMonth": false
    },
    "zodiac": "犬"
  },
  {
    "day": "星期日",
    "gregorian": {
      "year": 1958,
      "month": 9,
      "date": 28
    },
    "lunar": {
      "year": "戊戌",
      "month": "八月",
      "date": "十六",
      "leapMonth": false
    },
    "zodiac": "犬"
  },
  {
    "day": "星期一",
    "gregorian": {
      "year": 1958,
      "month": 9,
      "date": 29
    },
    "lunar": {
      "year": "戊戌",
      "month": "八月",
      "date": "十七",
      "leapMonth": false
    },
    "zodiac": "犬"
  },
  {
    "day": "星期二",
    "gregorian": {
      "year": 1958,
      "month": 9,
      "date": 30
    },
    "lunar": {
      "year": "戊戌",
      "month": "八月",
      "date": "十八",
      "leapMonth": false
    },
    "zodiac": "犬"
  },
  {
    "day": "星期三",
    "gregorian": {
      "year": 1958,
      "month": 10,
      "date": 1
    },
    "lunar": {
      "year": "戊戌",
      "month": "八月",
      "date": "十九",
      "leapMonth": false
    },
    "zodiac": "犬"
  },
  {
    "day": "星期四",
    "gregorian": {
      "year": 1958,
      "month": 10,
      "date": 2
    },
    "lunar": {
      "year": "戊戌",
      "month": "八月",
      "date": "二十",
      "leapMonth": false
    },
    "zodiac": "犬"
  },
  {
    "day": "星期五",
    "gregorian": {
      "year": 1958,
      "month": 10,
      "date": 3
    },
    "lunar": {
      "year": "戊戌",
      "month": "八月",
      "date": "廿一",
      "leapMonth": false
    },
    "zodiac": "犬"
  },
  {
    "day": "星期六",
    "gregorian": {
      "year": 1958,
      "month": 10,
      "date": 4
    },
    "lunar": {
      "year": "戊戌",
      "month": "八月",
      "date": "廿二",
      "leapMonth": false
    },
    "zodiac": "犬"
  },
  {
    "day": "星期日",
    "gregorian": {
      "year": 1958,
      "month": 10,
      "date": 5
    },
    "lunar": {
      "year": "戊戌",
      "month": "八月",
      "date": "廿三",
      "leapMonth": false
    },
    "zodiac": "犬"
  },
  {
    "day": "星期一",
    "gregorian": {
      "year": 1958,
      "month": 10,
      "date": 6
    },
    "lunar": {
      "year": "戊戌",
      "month": "八月",
      "date": "廿四",
      "leapMonth": false
    },
    "zodiac": "犬"
  },
  {
    "day": "星期二",
    "gregorian": {
      "year": 1958,
      "month": 10,
      "date": 7
    },
    "lunar": {
      "year": "戊戌",
      "month": "八月",
      "date": "廿五",
      "leapMonth": false
    },
    "zodiac": "犬"
  },
  {
    "day": "星期三",
    "gregorian": {
      "year": 1958,
      "month": 10,
      "date": 8
    },
    "lunar": {
      "year": "戊戌",
      "month": "八月",
      "date": "廿六",
      "leapMonth": false
    },
    "zodiac": "犬"
  },
  {
    "day": "星期四",
    "gregorian": {
      "year": 1958,
      "month": 10,
      "date": 9
    },
    "lunar": {
      "year": "戊戌",
      "month": "八月",
      "date": "廿七",
      "leapMonth": false
    },
    "solarTerm": "寒露",
    "zodiac": "犬"
  },
  {
    "day": "星期五",
    "gregorian": {
      "year": 1958,
      "month": 10,
      "date": 10
    },
    "lunar": {
      "year": "戊戌",
      "month": "八月",
      "date": "廿八",
      "leapMonth": false
    },
    "zodiac": "犬"
  },
  {
    "day": "星期六",
    "gregorian": {
      "year": 1958,
      "month": 10,
      "date": 11
    },
    "lunar": {
      "year": "戊戌",
      "month": "八月",
      "date": "廿九",
      "leapMonth": false
    },
    "zodiac": "犬"
  },
  {
    "day": "星期日",
    "gregorian": {
      "year": 1958,
      "month": 10,
      "date": 12
    },
    "lunar": {
      "year": "戊戌",
      "month": "八月",
      "date": "三十",
      "leapMonth": false
    },
    "zodiac": "犬"
  },
  {
    "day": "星期一",
    "gregorian": {
      "year": 1958,
      "month": 10,
      "date": 13
    },
    "lunar": {
      "year": "戊戌",
      "month": "九月",
      "date": "初一",
      "leapMonth": false
    },
    "zodiac": "犬"
  },
  {
    "day": "星期二",
    "gregorian": {
      "year": 1958,
      "month": 10,
      "date": 14
    },
    "lunar": {
      "year": "戊戌",
      "month": "九月",
      "date": "初二",
      "leapMonth": false
    },
    "zodiac": "犬"
  },
  {
    "day": "星期三",
    "gregorian": {
      "year": 1958,
      "month": 10,
      "date": 15
    },
    "lunar": {
      "year": "戊戌",
      "month": "九月",
      "date": "初三",
      "leapMonth": false
    },
    "zodiac": "犬"
  },
  {
    "day": "星期四",
    "gregorian": {
      "year": 1958,
      "month": 10,
      "date": 16
    },
    "lunar": {
      "year": "戊戌",
      "month": "九月",
      "date": "初四",
      "leapMonth": false
    },
    "zodiac": "犬"
  },
  {
    "day": "星期五",
    "gregorian": {
      "year": 1958,
      "month": 10,
      "date": 17
    },
    "lunar": {
      "year": "戊戌",
      "month": "九月",
      "date": "初五",
      "leapMonth": false
    },
    "zodiac": "犬"
  },
  {
    "day": "星期六",
    "gregorian": {
      "year": 1958,
      "month": 10,
      "date": 18
    },
    "lunar": {
      "year": "戊戌",
      "month": "九月",
      "date": "初六",
      "leapMonth": false
    },
    "zodiac": "犬"
  },
  {
    "day": "星期日",
    "gregorian": {
      "year": 1958,
      "month": 10,
      "date": 19
    },
    "lunar": {
      "year": "戊戌",
      "month": "九月",
      "date": "初七",
      "leapMonth": false
    },
    "zodiac": "犬"
  },
  {
    "day": "星期一",
    "gregorian": {
      "year": 1958,
      "month": 10,
      "date": 20
    },
    "lunar": {
      "year": "戊戌",
      "month": "九月",
      "date": "初八",
      "leapMonth": false
    },
    "zodiac": "犬"
  },
  {
    "day": "星期二",
    "gregorian": {
      "year": 1958,
      "month": 10,
      "date": 21
    },
    "lunar": {
      "year": "戊戌",
      "month": "九月",
      "date": "初九",
      "leapMonth": false
    },
    "zodiac": "犬"
  },
  {
    "day": "星期三",
    "gregorian": {
      "year": 1958,
      "month": 10,
      "date": 22
    },
    "lunar": {
      "year": "戊戌",
      "month": "九月",
      "date": "初十",
      "leapMonth": false
    },
    "zodiac": "犬"
  },
  {
    "day": "星期四",
    "gregorian": {
      "year": 1958,
      "month": 10,
      "date": 23
    },
    "lunar": {
      "year": "戊戌",
      "month": "九月",
      "date": "十一",
      "leapMonth": false
    },
    "zodiac": "犬"
  },
  {
    "day": "星期五",
    "gregorian": {
      "year": 1958,
      "month": 10,
      "date": 24
    },
    "lunar": {
      "year": "戊戌",
      "month": "九月",
      "date": "十二",
      "leapMonth": false
    },
    "solarTerm": "霜降",
    "zodiac": "犬"
  },
  {
    "day": "星期六",
    "gregorian": {
      "year": 1958,
      "month": 10,
      "date": 25
    },
    "lunar": {
      "year": "戊戌",
      "month": "九月",
      "date": "十三",
      "leapMonth": false
    },
    "zodiac": "犬"
  },
  {
    "day": "星期日",
    "gregorian": {
      "year": 1958,
      "month": 10,
      "date": 26
    },
    "lunar": {
      "year": "戊戌",
      "month": "九月",
      "date": "十四",
      "leapMonth": false
    },
    "zodiac": "犬"
  },
  {
    "day": "星期一",
    "gregorian": {
      "year": 1958,
      "month": 10,
      "date": 27
    },
    "lunar": {
      "year": "戊戌",
      "month": "九月",
      "date": "十五",
      "leapMonth": false
    },
    "zodiac": "犬"
  },
  {
    "day": "星期二",
    "gregorian": {
      "year": 1958,
      "month": 10,
      "date": 28
    },
    "lunar": {
      "year": "戊戌",
      "month": "九月",
      "date": "十六",
      "leapMonth": false
    },
    "zodiac": "犬"
  },
  {
    "day": "星期三",
    "gregorian": {
      "year": 1958,
      "month": 10,
      "date": 29
    },
    "lunar": {
      "year": "戊戌",
      "month": "九月",
      "date": "十七",
      "leapMonth": false
    },
    "zodiac": "犬"
  },
  {
    "day": "星期四",
    "gregorian": {
      "year": 1958,
      "month": 10,
      "date": 30
    },
    "lunar": {
      "year": "戊戌",
      "month": "九月",
      "date": "十八",
      "leapMonth": false
    },
    "zodiac": "犬"
  },
  {
    "day": "星期五",
    "gregorian": {
      "year": 1958,
      "month": 10,
      "date": 31
    },
    "lunar": {
      "year": "戊戌",
      "month": "九月",
      "date": "十九",
      "leapMonth": false
    },
    "zodiac": "犬"
  },
  {
    "day": "星期六",
    "gregorian": {
      "year": 1958,
      "month": 11,
      "date": 1
    },
    "lunar": {
      "year": "戊戌",
      "month": "九月",
      "date": "二十",
      "leapMonth": false
    },
    "zodiac": "犬"
  },
  {
    "day": "星期日",
    "gregorian": {
      "year": 1958,
      "month": 11,
      "date": 2
    },
    "lunar": {
      "year": "戊戌",
      "month": "九月",
      "date": "廿一",
      "leapMonth": false
    },
    "zodiac": "犬"
  },
  {
    "day": "星期一",
    "gregorian": {
      "year": 1958,
      "month": 11,
      "date": 3
    },
    "lunar": {
      "year": "戊戌",
      "month": "九月",
      "date": "廿二",
      "leapMonth": false
    },
    "zodiac": "犬"
  },
  {
    "day": "星期二",
    "gregorian": {
      "year": 1958,
      "month": 11,
      "date": 4
    },
    "lunar": {
      "year": "戊戌",
      "month": "九月",
      "date": "廿三",
      "leapMonth": false
    },
    "zodiac": "犬"
  },
  {
    "day": "星期三",
    "gregorian": {
      "year": 1958,
      "month": 11,
      "date": 5
    },
    "lunar": {
      "year": "戊戌",
      "month": "九月",
      "date": "廿四",
      "leapMonth": false
    },
    "zodiac": "犬"
  },
  {
    "day": "星期四",
    "gregorian": {
      "year": 1958,
      "month": 11,
      "date": 6
    },
    "lunar": {
      "year": "戊戌",
      "month": "九月",
      "date": "廿五",
      "leapMonth": false
    },
    "zodiac": "犬"
  },
  {
    "day": "星期五",
    "gregorian": {
      "year": 1958,
      "month": 11,
      "date": 7
    },
    "lunar": {
      "year": "戊戌",
      "month": "九月",
      "date": "廿六",
      "leapMonth": false
    },
    "zodiac": "犬"
  },
  {
    "day": "星期六",
    "gregorian": {
      "year": 1958,
      "month": 11,
      "date": 8
    },
    "lunar": {
      "year": "戊戌",
      "month": "九月",
      "date": "廿七",
      "leapMonth": false
    },
    "solarTerm": "立冬",
    "zodiac": "犬"
  },
  {
    "day": "星期日",
    "gregorian": {
      "year": 1958,
      "month": 11,
      "date": 9
    },
    "lunar": {
      "year": "戊戌",
      "month": "九月",
      "date": "廿八",
      "leapMonth": false
    },
    "zodiac": "犬"
  },
  {
    "day": "星期一",
    "gregorian": {
      "year": 1958,
      "month": 11,
      "date": 10
    },
    "lunar": {
      "year": "戊戌",
      "month": "九月",
      "date": "廿九",
      "leapMonth": false
    },
    "zodiac": "犬"
  },
  {
    "day": "星期二",
    "gregorian": {
      "year": 1958,
      "month": 11,
      "date": 11
    },
    "lunar": {
      "year": "戊戌",
      "month": "十月",
      "date": "初一",
      "leapMonth": false
    },
    "zodiac": "犬"
  },
  {
    "day": "星期三",
    "gregorian": {
      "year": 1958,
      "month": 11,
      "date": 12
    },
    "lunar": {
      "year": "戊戌",
      "month": "十月",
      "date": "初二",
      "leapMonth": false
    },
    "zodiac": "犬"
  },
  {
    "day": "星期四",
    "gregorian": {
      "year": 1958,
      "month": 11,
      "date": 13
    },
    "lunar": {
      "year": "戊戌",
      "month": "十月",
      "date": "初三",
      "leapMonth": false
    },
    "zodiac": "犬"
  },
  {
    "day": "星期五",
    "gregorian": {
      "year": 1958,
      "month": 11,
      "date": 14
    },
    "lunar": {
      "year": "戊戌",
      "month": "十月",
      "date": "初四",
      "leapMonth": false
    },
    "zodiac": "犬"
  },
  {
    "day": "星期六",
    "gregorian": {
      "year": 1958,
      "month": 11,
      "date": 15
    },
    "lunar": {
      "year": "戊戌",
      "month": "十月",
      "date": "初五",
      "leapMonth": false
    },
    "zodiac": "犬"
  },
  {
    "day": "星期日",
    "gregorian": {
      "year": 1958,
      "month": 11,
      "date": 16
    },
    "lunar": {
      "year": "戊戌",
      "month": "十月",
      "date": "初六",
      "leapMonth": false
    },
    "zodiac": "犬"
  },
  {
    "day": "星期一",
    "gregorian": {
      "year": 1958,
      "month": 11,
      "date": 17
    },
    "lunar": {
      "year": "戊戌",
      "month": "十月",
      "date": "初七",
      "leapMonth": false
    },
    "zodiac": "犬"
  },
  {
    "day": "星期二",
    "gregorian": {
      "year": 1958,
      "month": 11,
      "date": 18
    },
    "lunar": {
      "year": "戊戌",
      "month": "十月",
      "date": "初八",
      "leapMonth": false
    },
    "zodiac": "犬"
  },
  {
    "day": "星期三",
    "gregorian": {
      "year": 1958,
      "month": 11,
      "date": 19
    },
    "lunar": {
      "year": "戊戌",
      "month": "十月",
      "date": "初九",
      "leapMonth": false
    },
    "zodiac": "犬"
  },
  {
    "day": "星期四",
    "gregorian": {
      "year": 1958,
      "month": 11,
      "date": 20
    },
    "lunar": {
      "year": "戊戌",
      "month": "十月",
      "date": "初十",
      "leapMonth": false
    },
    "zodiac": "犬"
  },
  {
    "day": "星期五",
    "gregorian": {
      "year": 1958,
      "month": 11,
      "date": 21
    },
    "lunar": {
      "year": "戊戌",
      "month": "十月",
      "date": "十一",
      "leapMonth": false
    },
    "zodiac": "犬"
  },
  {
    "day": "星期六",
    "gregorian": {
      "year": 1958,
      "month": 11,
      "date": 22
    },
    "lunar": {
      "year": "戊戌",
      "month": "十月",
      "date": "十二",
      "leapMonth": false
    },
    "zodiac": "犬"
  },
  {
    "day": "星期日",
    "gregorian": {
      "year": 1958,
      "month": 11,
      "date": 23
    },
    "lunar": {
      "year": "戊戌",
      "month": "十月",
      "date": "十三",
      "leapMonth": false
    },
    "solarTerm": "小雪",
    "zodiac": "犬"
  },
  {
    "day": "星期一",
    "gregorian": {
      "year": 1958,
      "month": 11,
      "date": 24
    },
    "lunar": {
      "year": "戊戌",
      "month": "十月",
      "date": "十四",
      "leapMonth": false
    },
    "zodiac": "犬"
  },
  {
    "day": "星期二",
    "gregorian": {
      "year": 1958,
      "month": 11,
      "date": 25
    },
    "lunar": {
      "year": "戊戌",
      "month": "十月",
      "date": "十五",
      "leapMonth": false
    },
    "zodiac": "犬"
  },
  {
    "day": "星期三",
    "gregorian": {
      "year": 1958,
      "month": 11,
      "date": 26
    },
    "lunar": {
      "year": "戊戌",
      "month": "十月",
      "date": "十六",
      "leapMonth": false
    },
    "zodiac": "犬"
  },
  {
    "day": "星期四",
    "gregorian": {
      "year": 1958,
      "month": 11,
      "date": 27
    },
    "lunar": {
      "year": "戊戌",
      "month": "十月",
      "date": "十七",
      "leapMonth": false
    },
    "zodiac": "犬"
  },
  {
    "day": "星期五",
    "gregorian": {
      "year": 1958,
      "month": 11,
      "date": 28
    },
    "lunar": {
      "year": "戊戌",
      "month": "十月",
      "date": "十八",
      "leapMonth": false
    },
    "zodiac": "犬"
  },
  {
    "day": "星期六",
    "gregorian": {
      "year": 1958,
      "month": 11,
      "date": 29
    },
    "lunar": {
      "year": "戊戌",
      "month": "十月",
      "date": "十九",
      "leapMonth": false
    },
    "zodiac": "犬"
  },
  {
    "day": "星期日",
    "gregorian": {
      "year": 1958,
      "month": 11,
      "date": 30
    },
    "lunar": {
      "year": "戊戌",
      "month": "十月",
      "date": "二十",
      "leapMonth": false
    },
    "zodiac": "犬"
  },
  {
    "day": "星期一",
    "gregorian": {
      "year": 1958,
      "month": 12,
      "date": 1
    },
    "lunar": {
      "year": "戊戌",
      "month": "十月",
      "date": "廿一",
      "leapMonth": false
    },
    "zodiac": "犬"
  },
  {
    "day": "星期二",
    "gregorian": {
      "year": 1958,
      "month": 12,
      "date": 2
    },
    "lunar": {
      "year": "戊戌",
      "month": "十月",
      "date": "廿二",
      "leapMonth": false
    },
    "zodiac": "犬"
  },
  {
    "day": "星期三",
    "gregorian": {
      "year": 1958,
      "month": 12,
      "date": 3
    },
    "lunar": {
      "year": "戊戌",
      "month": "十月",
      "date": "廿三",
      "leapMonth": false
    },
    "zodiac": "犬"
  },
  {
    "day": "星期四",
    "gregorian": {
      "year": 1958,
      "month": 12,
      "date": 4
    },
    "lunar": {
      "year": "戊戌",
      "month": "十月",
      "date": "廿四",
      "leapMonth": false
    },
    "zodiac": "犬"
  },
  {
    "day": "星期五",
    "gregorian": {
      "year": 1958,
      "month": 12,
      "date": 5
    },
    "lunar": {
      "year": "戊戌",
      "month": "十月",
      "date": "廿五",
      "leapMonth": false
    },
    "zodiac": "犬"
  },
  {
    "day": "星期六",
    "gregorian": {
      "year": 1958,
      "month": 12,
      "date": 6
    },
    "lunar": {
      "year": "戊戌",
      "month": "十月",
      "date": "廿六",
      "leapMonth": false
    },
    "zodiac": "犬"
  },
  {
    "day": "星期日",
    "gregorian": {
      "year": 1958,
      "month": 12,
      "date": 7
    },
    "lunar": {
      "year": "戊戌",
      "month": "十月",
      "date": "廿七",
      "leapMonth": false
    },
    "solarTerm": "大雪",
    "zodiac": "犬"
  },
  {
    "day": "星期一",
    "gregorian": {
      "year": 1958,
      "month": 12,
      "date": 8
    },
    "lunar": {
      "year": "戊戌",
      "month": "十月",
      "date": "廿八",
      "leapMonth": false
    },
    "zodiac": "犬"
  },
  {
    "day": "星期二",
    "gregorian": {
      "year": 1958,
      "month": 12,
      "date": 9
    },
    "lunar": {
      "year": "戊戌",
      "month": "十月",
      "date": "廿九",
      "leapMonth": false
    },
    "zodiac": "犬"
  },
  {
    "day": "星期三",
    "gregorian": {
      "year": 1958,
      "month": 12,
      "date": 10
    },
    "lunar": {
      "year": "戊戌",
      "month": "十月",
      "date": "三十",
      "leapMonth": false
    },
    "zodiac": "犬"
  },
  {
    "day": "星期四",
    "gregorian": {
      "year": 1958,
      "month": 12,
      "date": 11
    },
    "lunar": {
      "year": "戊戌",
      "month": "十一月",
      "date": "初一",
      "leapMonth": false
    },
    "zodiac": "犬"
  },
  {
    "day": "星期五",
    "gregorian": {
      "year": 1958,
      "month": 12,
      "date": 12
    },
    "lunar": {
      "year": "戊戌",
      "month": "十一月",
      "date": "初二",
      "leapMonth": false
    },
    "zodiac": "犬"
  },
  {
    "day": "星期六",
    "gregorian": {
      "year": 1958,
      "month": 12,
      "date": 13
    },
    "lunar": {
      "year": "戊戌",
      "month": "十一月",
      "date": "初三",
      "leapMonth": false
    },
    "zodiac": "犬"
  },
  {
    "day": "星期日",
    "gregorian": {
      "year": 1958,
      "month": 12,
      "date": 14
    },
    "lunar": {
      "year": "戊戌",
      "month": "十一月",
      "date": "初四",
      "leapMonth": false
    },
    "zodiac": "犬"
  },
  {
    "day": "星期一",
    "gregorian": {
      "year": 1958,
      "month": 12,
      "date": 15
    },
    "lunar": {
      "year": "戊戌",
      "month": "十一月",
      "date": "初五",
      "leapMonth": false
    },
    "zodiac": "犬"
  },
  {
    "day": "星期二",
    "gregorian": {
      "year": 1958,
      "month": 12,
      "date": 16
    },
    "lunar": {
      "year": "戊戌",
      "month": "十一月",
      "date": "初六",
      "leapMonth": false
    },
    "zodiac": "犬"
  },
  {
    "day": "星期三",
    "gregorian": {
      "year": 1958,
      "month": 12,
      "date": 17
    },
    "lunar": {
      "year": "戊戌",
      "month": "十一月",
      "date": "初七",
      "leapMonth": false
    },
    "zodiac": "犬"
  },
  {
    "day": "星期四",
    "gregorian": {
      "year": 1958,
      "month": 12,
      "date": 18
    },
    "lunar": {
      "year": "戊戌",
      "month": "十一月",
      "date": "初八",
      "leapMonth": false
    },
    "zodiac": "犬"
  },
  {
    "day": "星期五",
    "gregorian": {
      "year": 1958,
      "month": 12,
      "date": 19
    },
    "lunar": {
      "year": "戊戌",
      "month": "十一月",
      "date": "初九",
      "leapMonth": false
    },
    "zodiac": "犬"
  },
  {
    "day": "星期六",
    "gregorian": {
      "year": 1958,
      "month": 12,
      "date": 20
    },
    "lunar": {
      "year": "戊戌",
      "month": "十一月",
      "date": "初十",
      "leapMonth": false
    },
    "zodiac": "犬"
  },
  {
    "day": "星期日",
    "gregorian": {
      "year": 1958,
      "month": 12,
      "date": 21
    },
    "lunar": {
      "year": "戊戌",
      "month": "十一月",
      "date": "十一",
      "leapMonth": false
    },
    "zodiac": "犬"
  },
  {
    "day": "星期一",
    "gregorian": {
      "year": 1958,
      "month": 12,
      "date": 22
    },
    "lunar": {
      "year": "戊戌",
      "month": "十一月",
      "date": "十二",
      "leapMonth": false
    },
    "solarTerm": "冬至",
    "zodiac": "犬"
  },
  {
    "day": "星期二",
    "gregorian": {
      "year": 1958,
      "month": 12,
      "date": 23
    },
    "lunar": {
      "year": "戊戌",
      "month": "十一月",
      "date": "十三",
      "leapMonth": false
    },
    "zodiac": "犬"
  },
  {
    "day": "星期三",
    "gregorian": {
      "year": 1958,
      "month": 12,
      "date": 24
    },
    "lunar": {
      "year": "戊戌",
      "month": "十一月",
      "date": "十四",
      "leapMonth": false
    },
    "zodiac": "犬"
  },
  {
    "day": "星期四",
    "gregorian": {
      "year": 1958,
      "month": 12,
      "date": 25
    },
    "lunar": {
      "year": "戊戌",
      "month": "十一月",
      "date": "十五",
      "leapMonth": false
    },
    "zodiac": "犬"
  },
  {
    "day": "星期五",
    "gregorian": {
      "year": 1958,
      "month": 12,
      "date": 26
    },
    "lunar": {
      "year": "戊戌",
      "month": "十一月",
      "date": "十六",
      "leapMonth": false
    },
    "zodiac": "犬"
  },
  {
    "day": "星期六",
    "gregorian": {
      "year": 1958,
      "month": 12,
      "date": 27
    },
    "lunar": {
      "year": "戊戌",
      "month": "十一月",
      "date": "十七",
      "leapMonth": false
    },
    "zodiac": "犬"
  },
  {
    "day": "星期日",
    "gregorian": {
      "year": 1958,
      "month": 12,
      "date": 28
    },
    "lunar": {
      "year": "戊戌",
      "month": "十一月",
      "date": "十八",
      "leapMonth": false
    },
    "zodiac": "犬"
  },
  {
    "day": "星期一",
    "gregorian": {
      "year": 1958,
      "month": 12,
      "date": 29
    },
    "lunar": {
      "year": "戊戌",
      "month": "十一月",
      "date": "十九",
      "leapMonth": false
    },
    "zodiac": "犬"
  },
  {
    "day": "星期二",
    "gregorian": {
      "year": 1958,
      "month": 12,
      "date": 30
    },
    "lunar": {
      "year": "戊戌",
      "month": "十一月",
      "date": "二十",
      "leapMonth": false
    },
    "zodiac": "犬"
  },
  {
    "day": "星期三",
    "gregorian": {
      "year": 1958,
      "month": 12,
      "date": 31
    },
    "lunar": {
      "year": "戊戌",
      "month": "十一月",
      "date": "廿一",
      "leapMonth": false
    },
    "zodiac": "犬"
  }
]